label_id,date,expert,log_name,set_version,mapping_profile,direction,zone,event,arm_pct,ramp_value,rpm,payload,oil_temp,response_s,ramp_measured,ramp_unit,dp_dt_max,delta_p,pitch_abs,delta_pitch,d2pitch_max,settling_s,shock_index,shock_label,pitch_label,resp_label,overall,memo
EX-L001,2026-09-28,예시 기준시험원,예시 라벨 시뮬레이션,예시,MP-EX1 v1,UP,1,Start,15.2,150,1800,,,0.16,150,%/s,563.3,39.56,-0.283,0.311,20,1.28,0.871,OK,OK,Good,Accept,예시 데이터 — 가상 규칙으로 만든 라벨
EX-L002,2026-09-28,예시 기준시험원,예시 라벨 시뮬레이션,예시,MP-EX1 v1,UP,1,Start,15.1,210,1800,,,0.12,211.6,%/s,444.1,44.01,-0.325,0.326,21.6,1.26,0.735,OK,OK,Good,Accept,예시 데이터 — 가상 규칙으로 만든 라벨
EX-L003,2026-09-28,예시 기준시험원,예시 라벨 시뮬레이션,예시,MP-EX1 v1,UP,1,Start,15.1,255,1800,,,0.09,250.6,%/s,428.1,47.7,-0.342,0.338,20,1.24,0.702,OK,OK,Good,Accept,예시 데이터 — 가상 규칙으로 만든 라벨
EX-L004,2026-09-28,예시 기준시험원,예시 라벨 시뮬레이션,예시,MP-EX1 v1,UP,1,Start,15.1,300,1800,,,0.08,297.4,%/s,444,51.33,-0.347,0.35,20.6,1.24,0.727,OK,OK,Good,Accept,예시 데이터 — 가상 규칙으로 만든 라벨
EX-L005,2026-09-28,예시 기준시험원,예시 라벨 시뮬레이션,예시,MP-EX1 v1,UP,1,Start,15.1,360,1800,,,0.08,365.1,%/s,518.8,56.35,-0.368,0.379,24.2,1.2,0.85,OK,OK,Good,Accept,예시 데이터 — 가상 규칙으로 만든 라벨
EX-L006,2026-09-28,예시 기준시험원,예시 라벨 시뮬레이션,예시,MP-EX1 v1,UP,1,Start,15.1,450,1800,,,0.06,446.5,%/s,636.5,63.63,-0.377,0.395,25.6,1.2,1.009,NG,OK,Good,Reject,예시 데이터 — 가상 규칙으로 만든 라벨
EX-L007,2026-09-28,예시 기준시험원,예시 라벨 시뮬레이션,예시,MP-EX1 v1,UP,1,Stop,13.3,150,1800,,,0.53,150.4,%/s,394.2,0,-0.46,0.381,20.8,0,0.666,OK,OK,Good,Accept,예시 데이터 — 가상 규칙으로 만든 라벨
EX-L008,2026-09-28,예시 기준시험원,예시 라벨 시뮬레이션,예시,MP-EX1 v1,UP,1,Stop,13.7,210,1800,,,0.36,211.5,%/s,307.4,0,-0.477,0.327,16.2,0.41,0.519,OK,OK,Good,Accept,예시 데이터 — 가상 규칙으로 만든 라벨
EX-L009,2026-09-28,예시 기준시험원,예시 라벨 시뮬레이션,예시,MP-EX1 v1,UP,1,Stop,13.8,255,1800,,,0.31,251,%/s,366.1,0,-0.486,0.302,16.2,0.46,0.593,OK,OK,Good,Accept,예시 데이터 — 가상 규칙으로 만든 라벨
EX-L010,2026-09-28,예시 기준시험원,예시 라벨 시뮬레이션,예시,MP-EX1 v1,UP,1,Stop,14.3,300,1800,,,0.3,298,%/s,437.5,0,-0.486,0.256,18.7,0.45,0.703,OK,OK,Good,Accept,예시 데이터 — 가상 규칙으로 만든 라벨
EX-L011,2026-09-28,예시 기준시험원,예시 라벨 시뮬레이션,예시,MP-EX1 v1,UP,1,Stop,14.4,360,1800,,,0.25,349.9,%/s,516.3,0,-0.5,0.237,22,0.48,0.829,OK,OK,Good,Accept,예시 데이터 — 가상 규칙으로 만든 라벨
EX-L012,2026-09-28,예시 기준시험원,예시 라벨 시뮬레이션,예시,MP-EX1 v1,UP,1,Stop,14.6,450,1800,,,0.2,446.2,%/s,643.8,0,-0.509,0.256,24.2,0.51,1.006,NG,OK,Good,Reject,예시 데이터 — 가상 규칙으로 만든 라벨
EX-L013,2026-09-28,예시 기준시험원,예시 라벨 시뮬레이션,예시,MP-EX1 v1,UP,2,Start,40.2,75,1800,,,0.3,75.2,%/s,342.5,27.07,0.426,0.22,10.1,1.21,0.512,OK,OK,Good,Accept,예시 데이터 — 가상 규칙으로 만든 라벨
EX-L014,2026-09-28,예시 기준시험원,예시 라벨 시뮬레이션,예시,MP-EX1 v1,UP,2,Start,40.2,105,1800,,,0.22,104.6,%/s,373.4,31.44,0.425,0.219,12.1,1.08,0.568,OK,OK,Good,Accept,예시 데이터 — 가상 규칙으로 만든 라벨
EX-L015,2026-09-28,예시 기준시험원,예시 라벨 시뮬레이션,예시,MP-EX1 v1,UP,2,Start,40.1,128,1800,,,0.16,128.1,%/s,404.9,34.48,0.43,0.219,12.6,1.02,0.611,OK,OK,Good,Accept,예시 데이터 — 가상 규칙으로 만든 라벨
EX-L016,2026-09-28,예시 기준시험원,예시 라벨 시뮬레이션,예시,MP-EX1 v1,UP,2,Start,40.1,150,1800,,,0.15,149.1,%/s,423,37.15,0.456,0.248,15.2,0.95,0.655,OK,OK,Good,Accept,예시 데이터 — 가상 규칙으로 만든 라벨
EX-L017,2026-09-28,예시 기준시험원,예시 라벨 시뮬레이션,예시,MP-EX1 v1,UP,2,Start,40.1,180,1800,,,0.13,181.6,%/s,460.8,40.63,0.504,0.296,18,0.89,0.726,OK,OK,Good,Accept,예시 데이터 — 가상 규칙으로 만든 라벨
EX-L018,2026-09-28,예시 기준시험원,예시 라벨 시뮬레이션,예시,MP-EX1 v1,UP,2,Start,40.1,225,1800,,,0.09,225,%/s,497.6,45.3,0.568,0.358,24.9,1.19,0.83,OK,OK,Good,Accept,예시 데이터 — 가상 규칙으로 만든 라벨
EX-L019,2026-09-28,예시 기준시험원,예시 라벨 시뮬레이션,예시,MP-EX1 v1,UP,2,Stop,42.2,90,1800,,,0.85,90.1,%/s,169.4,0,0.351,0.432,23,0,0.403,OK,OK,Too Slow,Reject,예시 데이터 — 가상 규칙으로 만든 라벨
EX-L020,2026-09-28,예시 기준시험원,예시 라벨 시뮬레이션,예시,MP-EX1 v1,UP,2,Stop,38.9,126,1800,,,0.61,127,%/s,256.3,0,0.357,0.472,23.7,0,0.518,OK,OK,Too Slow,Reject,예시 데이터 — 가상 규칙으로 만든 라벨
EX-L021,2026-09-28,예시 기준시험원,예시 라벨 시뮬레이션,예시,MP-EX1 v1,UP,2,Stop,38.1,153,1800,,,0.52,151.7,%/s,274.4,0,0.344,0.477,25.2,0,0.553,OK,OK,Good,Accept,예시 데이터 — 가상 규칙으로 만든 라벨
EX-L022,2026-09-28,예시 기준시험원,예시 라벨 시뮬레이션,예시,MP-EX1 v1,UP,2,Stop,38.4,180,1800,,,0.46,178.5,%/s,266.4,0,0.289,0.428,19.8,0.31,0.498,OK,OK,Good,Accept,예시 데이터 — 가상 규칙으로 만든 라벨
EX-L023,2026-09-28,예시 기준시험원,예시 라벨 시뮬레이션,예시,MP-EX1 v1,UP,2,Stop,38.8,216,1800,,,0.36,217.3,%/s,306.2,0,0.305,0.319,18.6,0.39,0.538,OK,OK,Good,Accept,예시 데이터 — 가상 규칙으로 만든 라벨
EX-L024,2026-09-28,예시 기준시험원,예시 라벨 시뮬레이션,예시,MP-EX1 v1,UP,2,Stop,39.1,270,1800,,,0.3,267.8,%/s,387.5,0,0.323,0.244,15.4,0.44,0.613,OK,OK,Good,Accept,예시 데이터 — 가상 규칙으로 만든 라벨
EX-L025,2026-09-28,예시 기준시험원,예시 라벨 시뮬레이션,예시,MP-EX1 v1,UP,3,Start,60.4,60,1800,,,0.42,59.9,%/s,209.5,22.21,0.699,0.189,8.3,1.18,0.331,OK,OK,Too Slow,Reject,예시 데이터 — 가상 규칙으로 만든 라벨
EX-L026,2026-09-28,예시 기준시험원,예시 라벨 시뮬레이션,예시,MP-EX1 v1,UP,3,Start,60.4,84,1800,,,0.32,85,%/s,236.7,25.53,0.691,0.172,9.8,1.02,0.378,OK,OK,Good,Borderline,예시 데이터 — 가상 규칙으로 만든 라벨
EX-L027,2026-09-28,예시 기준시험원,예시 라벨 시뮬레이션,예시,MP-EX1 v1,UP,3,Start,60.2,102,1800,,,0.24,101.5,%/s,250.3,27.25,0.711,0.195,11.5,0.96,0.409,OK,OK,Good,Accept,예시 데이터 — 가상 규칙으로 만든 라벨
EX-L028,2026-09-28,예시 기준시험원,예시 라벨 시뮬레이션,예시,MP-EX1 v1,UP,3,Start,60.2,120,1800,,,0.22,120.7,%/s,274.2,29.72,0.745,0.222,11.6,0.9,0.439,OK,OK,Good,Accept,예시 데이터 — 가상 규칙으로 만든 라벨
EX-L029,2026-09-28,예시 기준시험원,예시 라벨 시뮬레이션,예시,MP-EX1 v1,UP,3,Start,60.1,144,1800,,,0.15,145.3,%/s,304.7,32.19,0.791,0.271,17.1,0.89,0.523,OK,OK,Good,Accept,예시 데이터 — 가상 규칙으로 만든 라벨
EX-L030,2026-09-28,예시 기준시험원,예시 라벨 시뮬레이션,예시,MP-EX1 v1,UP,3,Start,60.1,180,1800,,,0.12,181.5,%/s,348.4,36.25,0.848,0.325,21.4,0.85,0.614,OK,OK,Good,Accept,예시 데이터 — 가상 규칙으로 만든 라벨
EX-L031,2026-09-28,예시 기준시험원,예시 라벨 시뮬레이션,예시,MP-EX1 v1,UP,3,Stop,63.8,50,1800,,,0.92,49.8,%/s,59.3,0,0.568,0.276,9.8,0,0.156,OK,OK,Too Slow,Reject,예시 데이터 — 가상 규칙으로 만든 라벨
EX-L032,2026-09-28,예시 기준시험원,예시 라벨 시뮬레이션,예시,MP-EX1 v1,UP,3,Stop,60,70,1800,,,0.83,70.2,%/s,111.9,0,0.53,0.243,12.4,0,0.243,OK,OK,Too Slow,Reject,예시 데이터 — 가상 규칙으로 만든 라벨
EX-L033,2026-09-28,예시 기준시험원,예시 라벨 시뮬레이션,예시,MP-EX1 v1,UP,3,Stop,58.3,85,1800,,,0.67,85.7,%/s,158.6,0,0.522,0.266,12.1,0,0.299,OK,OK,Too Slow,Reject,예시 데이터 — 가상 규칙으로 만든 라벨
EX-L034,2026-09-28,예시 기준시험원,예시 라벨 시뮬레이션,예시,MP-EX1 v1,UP,3,Stop,58,100,1800,,,0.61,100.3,%/s,212.2,0,0.525,0.276,13,0,0.374,OK,OK,Too Slow,Reject,예시 데이터 — 가상 규칙으로 만든 라벨
EX-L035,2026-09-28,예시 기준시험원,예시 라벨 시뮬레이션,예시,MP-EX1 v1,UP,3,Stop,58.5,120,1800,,,0.55,119.8,%/s,216.2,0,0.513,0.255,12.5,0,0.374,OK,OK,Good,Borderline,예시 데이터 — 가상 규칙으로 만든 라벨
EX-L036,2026-09-28,예시 기준시험원,예시 라벨 시뮬레이션,예시,MP-EX1 v1,UP,3,Stop,58.4,150,1800,,,0.46,150.3,%/s,287.1,0,0.541,0.263,12.7,0.01,0.465,OK,OK,Good,Accept,예시 데이터 — 가상 규칙으로 만든 라벨
EX-L037,2026-09-28,예시 기준시험원,예시 라벨 시뮬레이션,예시,MP-EX1 v1,UP,4,Start,85.5,40,1800,,,0.6,39.7,%/s,191.4,18.63,1.06,0.174,7.6,0,0.303,OK,OK,Too Slow,Reject,예시 데이터 — 가상 규칙으로 만든 라벨
EX-L038,2026-09-28,예시 기준시험원,예시 라벨 시뮬레이션,예시,MP-EX1 v1,UP,4,Start,85.4,56,1800,,,0.44,56.2,%/s,213.7,21.94,1.08,0.187,10.8,1.21,0.357,OK,OK,Too Slow,Reject,예시 데이터 — 가상 규칙으로 만든 라벨
EX-L039,2026-09-28,예시 기준시험원,예시 라벨 시뮬레이션,예시,MP-EX1 v1,UP,4,Start,85.3,68,1800,,,0.37,68,%/s,223.5,23.04,1.072,0.171,10.7,1.15,0.369,OK,OK,Too Slow,Reject,예시 데이터 — 가상 규칙으로 만든 라벨
EX-L040,2026-09-28,예시 기준시험원,예시 라벨 시뮬레이션,예시,MP-EX1 v1,UP,4,Start,85.2,80,1800,,,0.28,80.3,%/s,228.8,24.76,1.082,0.182,10.7,1.08,0.375,OK,OK,Good,Accept,예시 데이터 — 가상 규칙으로 만든 라벨
EX-L041,2026-09-28,예시 기준시험원,예시 라벨 시뮬레이션,예시,MP-EX1 v1,UP,4,Start,85.2,96,1800,,,0.25,95.5,%/s,248.6,26.74,1.12,0.213,16.6,0.98,0.449,OK,OK,Good,Accept,예시 데이터 — 가상 규칙으로 만든 라벨
EX-L042,2026-09-28,예시 기준시험원,예시 라벨 시뮬레이션,예시,MP-EX1 v1,UP,4,Start,85.2,120,1800,,,0.2,121.1,%/s,274.3,29.5,1.174,0.267,15.5,0.91,0.472,OK,OK,Good,Accept,예시 데이터 — 가상 규칙으로 만든 라벨
EX-L043,2026-09-28,예시 기준시험원,예시 라벨 시뮬레이션,예시,MP-EX1 v1,UP,4,Stop,82.5,50,1800,,,0.89,50.3,%/s,73.5,0,0.857,0.094,7.5,0,0.154,OK,OK,Too Slow,Reject,예시 데이터 — 가상 규칙으로 만든 라벨
EX-L044,2026-09-28,예시 기준시험원,예시 라벨 시뮬레이션,예시,MP-EX1 v1,UP,4,Stop,82.7,70,1800,,,0.66,70.7,%/s,100,0,0.851,0.09,6.3,0,0.178,OK,OK,Too Slow,Reject,예시 데이터 — 가상 규칙으로 만든 라벨
EX-L045,2026-09-28,예시 기준시험원,예시 라벨 시뮬레이션,예시,MP-EX1 v1,UP,4,Stop,83.2,85,1800,,,0.62,84.6,%/s,178.5,0,0.859,0.102,9.4,0,0.301,OK,OK,Too Slow,Reject,예시 데이터 — 가상 규칙으로 만든 라벨
EX-L046,2026-09-28,예시 기준시험원,예시 라벨 시뮬레이션,예시,MP-EX1 v1,UP,4,Stop,83.3,100,1800,,,0.61,100.4,%/s,194.7,0,0.878,0.117,11.8,0,0.342,OK,OK,Too Slow,Reject,예시 데이터 — 가상 규칙으로 만든 라벨
EX-L047,2026-09-28,예시 기준시험원,예시 라벨 시뮬레이션,예시,MP-EX1 v1,UP,4,Stop,83.6,120,1800,,,0.46,120.6,%/s,247.8,0,0.901,0.139,10,0,0.393,OK,OK,Good,Accept,예시 데이터 — 가상 규칙으로 만든 라벨
EX-L048,2026-09-28,예시 기준시험원,예시 라벨 시뮬레이션,예시,MP-EX1 v1,UP,4,Stop,83.8,150,1800,,,0.45,151.6,%/s,283.9,0,0.93,0.17,12,0.03,0.455,OK,OK,Good,Accept,예시 데이터 — 가상 규칙으로 만든 라벨
EX-L049,2026-09-28,예시 기준시험원,예시 라벨 시뮬레이션,예시,MP-EX1 v1,DOWN,1,Start,14.9,100,1800,,,0.2,99.2,%/s,554.3,25.95,-0.47,0.289,19.8,1.08,0.858,OK,OK,Good,Accept,예시 데이터 — 가상 규칙으로 만든 라벨
EX-L050,2026-09-28,예시 기준시험원,예시 라벨 시뮬레이션,예시,MP-EX1 v1,DOWN,1,Start,14.8,140,1800,,,0.17,139.9,%/s,612.6,25.93,-0.498,0.315,22.2,1.28,0.951,OK,OK,Good,Borderline,예시 데이터 — 가상 규칙으로 만든 라벨
EX-L051,2026-09-28,예시 기준시험원,예시 라벨 시뮬레이션,예시,MP-EX1 v1,DOWN,1,Start,14.9,170,1800,,,0.11,169,%/s,654.7,26.08,-0.512,0.332,22.6,1.28,1.007,NG,OK,Good,Reject,예시 데이터 — 가상 규칙으로 만든 라벨
EX-L052,2026-09-28,예시 기준시험원,예시 라벨 시뮬레이션,예시,MP-EX1 v1,DOWN,1,Start,14.9,200,1800,,,0.1,200.3,%/s,699.2,25.97,-0.525,0.343,23.7,1.27,1.072,NG,OK,Good,Reject,예시 데이터 — 가상 규칙으로 만든 라벨
EX-L053,2026-09-28,예시 기준시험원,예시 라벨 시뮬레이션,예시,MP-EX1 v1,DOWN,1,Start,14.9,240,1800,,,0.1,240.8,%/s,664.4,26.32,-0.532,0.347,27.6,1.24,1.061,NG,OK,Good,Reject,예시 데이터 — 가상 규칙으로 만든 라벨
EX-L054,2026-09-28,예시 기준시험원,예시 라벨 시뮬레이션,예시,MP-EX1 v1,DOWN,1,Start,15,300,1800,,,0.07,297.4,%/s,585,26.18,-0.562,0.38,34.1,1.21,1.015,NG,OK,Good,Reject,예시 데이터 — 가상 규칙으로 만든 라벨
EX-L055,2026-09-28,예시 기준시험원,예시 라벨 시뮬레이션,예시,MP-EX1 v1,DOWN,1,Stop,16.8,125,1800,,,0.52,125.8,%/s,323.2,14.62,-0.28,0.456,20.6,0,0.576,OK,OK,Good,Accept,예시 데이터 — 가상 규칙으로 만든 라벨
EX-L056,2026-09-28,예시 기준시험원,예시 라벨 시뮬레이션,예시,MP-EX1 v1,DOWN,1,Stop,16,175,1800,,,0.42,174.6,%/s,456.1,21.65,-0.306,0.493,21,0.43,0.745,OK,OK,Good,Accept,예시 데이터 — 가상 규칙으로 만든 라벨
EX-L057,2026-09-28,예시 기준시험원,예시 라벨 시뮬레이션,예시,MP-EX1 v1,DOWN,1,Stop,16.3,213,1800,,,0.39,213.4,%/s,547.5,26.29,-0.342,0.537,22.7,0.46,0.874,OK,OK,Good,Accept,예시 데이터 — 가상 규칙으로 만든 라벨
EX-L058,2026-09-28,예시 기준시험원,예시 라벨 시뮬레이션,예시,MP-EX1 v1,DOWN,1,Stop,16,250,1800,,,0.33,243.6,%/s,526.9,32.81,-0.371,0.553,24.7,0.51,0.864,OK,NG,Good,Reject,예시 데이터 — 가상 규칙으로 만든 라벨
EX-L059,2026-09-28,예시 기준시험원,예시 라벨 시뮬레이션,예시,MP-EX1 v1,DOWN,1,Stop,16,300,1800,,,0.28,297.7,%/s,533,33.85,-0.389,0.556,32,0.53,0.933,OK,NG,Good,Reject,예시 데이터 — 가상 규칙으로 만든 라벨
EX-L060,2026-09-28,예시 기준시험원,예시 라벨 시뮬레이션,예시,MP-EX1 v1,DOWN,1,Stop,15.6,375,1800,,,0.25,364.9,%/s,605.3,38.89,-0.41,0.528,37.1,0.75,1.066,NG,OK,Good,Reject,예시 데이터 — 가상 규칙으로 만든 라벨
EX-L061,2026-09-28,예시 기준시험원,예시 라벨 시뮬레이션,예시,MP-EX1 v1,DOWN,2,Start,39.8,80,1800,,,0.26,79.4,%/s,437.7,25.7,0.362,0.332,26.1,1.18,0.765,OK,OK,Good,Accept,예시 데이터 — 가상 규칙으로 만든 라벨
EX-L062,2026-09-28,예시 기준시험원,예시 라벨 시뮬레이션,예시,MP-EX1 v1,DOWN,2,Start,39.9,112,1800,,,0.19,110.9,%/s,485.7,25.58,0.401,0.344,26.1,,0.825,OK,OK,Good,Accept,예시 데이터 — 가상 규칙으로 만든 라벨
EX-L063,2026-09-28,예시 기준시험원,예시 라벨 시뮬레이션,예시,MP-EX1 v1,DOWN,2,Start,39.9,136,1800,,,0.17,136.6,%/s,532.6,25.78,0.432,0.359,23.3,,0.86,OK,OK,Good,Accept,예시 데이터 — 가상 규칙으로 만든 라벨
EX-L064,2026-09-28,예시 기준시험원,예시 라벨 시뮬레이션,예시,MP-EX1 v1,DOWN,2,Start,39.9,160,1800,,,0.13,159.9,%/s,556.2,25.89,0.466,0.38,27.7,1.3,0.926,OK,OK,Good,Borderline,예시 데이터 — 가상 규칙으로 만든 라벨
EX-L065,2026-09-28,예시 기준시험원,예시 라벨 시뮬레이션,예시,MP-EX1 v1,DOWN,2,Start,39.9,192,1800,,,0.11,194,%/s,608.1,25.89,0.498,0.398,28.6,1.29,0.998,OK,OK,Good,Borderline,예시 데이터 — 가상 규칙으로 만든 라벨
EX-L066,2026-09-28,예시 기준시험원,예시 라벨 시뮬레이션,예시,MP-EX1 v1,DOWN,2,Start,39.9,240,1800,,,0.08,240.3,%/s,680.8,25.97,0.541,0.453,34.9,1.28,1.142,NG,OK,Good,Reject,예시 데이터 — 가상 규칙으로 만든 라벨
EX-L067,2026-09-28,예시 기준시험원,예시 라벨 시뮬레이션,예시,MP-EX1 v1,DOWN,2,Stop,41.7,100,1800,,,0.55,100,%/s,250.8,11.96,0.511,0.312,14.3,0,0.433,OK,OK,Good,Borderline,예시 데이터 — 가상 규칙으로 만든 라벨
EX-L068,2026-09-28,예시 기준시험원,예시 라벨 시뮬레이션,예시,MP-EX1 v1,DOWN,2,Stop,41.2,140,1800,,,0.44,140.1,%/s,366.9,17.26,0.548,0.37,20.2,0.42,0.627,OK,OK,Good,Accept,예시 데이터 — 가상 규칙으로 만든 라벨
EX-L069,2026-09-28,예시 기준시험원,예시 라벨 시뮬레이션,예시,MP-EX1 v1,DOWN,2,Stop,41.3,170,1800,,,0.4,169.9,%/s,469.9,23.34,0.59,0.423,21.2,0.47,0.764,OK,OK,Good,Accept,예시 데이터 — 가상 규칙으로 만든 라벨
EX-L070,2026-09-28,예시 기준시험원,예시 라벨 시뮬레이션,예시,MP-EX1 v1,DOWN,2,Stop,41.2,200,1800,,,0.35,200.1,%/s,519.6,25.58,0.634,0.472,22.1,0.51,0.834,OK,OK,Good,Accept,예시 데이터 — 가상 규칙으로 만든 라벨
EX-L071,2026-09-28,예시 기준시험원,예시 라벨 시뮬레이션,예시,MP-EX1 v1,DOWN,2,Stop,41.1,240,1800,,,0.3,241,%/s,615.9,34.31,0.688,0.535,29.9,0.55,1.019,NG,OK,Good,Reject,예시 데이터 — 가상 규칙으로 만든 라벨
EX-L072,2026-09-28,예시 기준시험원,예시 라벨 시뮬레이션,예시,MP-EX1 v1,DOWN,2,Stop,40.7,300,1800,,,0.27,301.2,%/s,714.9,38.91,0.745,0.603,38.6,0.81,1.215,NG,NG,Good,Reject,예시 데이터 — 가상 규칙으로 만든 라벨
EX-L073,2026-09-28,예시 기준시험원,예시 라벨 시뮬레이션,예시,MP-EX1 v1,DOWN,3,Start,59.8,60,1800,,,0.35,59.7,%/s,326.8,19.94,0.67,0.337,26.1,1.28,0.626,OK,OK,Good,Borderline,예시 데이터 — 가상 규칙으로 만든 라벨
EX-L074,2026-09-28,예시 기준시험원,예시 라벨 시뮬레이션,예시,MP-EX1 v1,DOWN,3,Start,59.9,84,1800,,,0.24,83.9,%/s,362.8,19.19,0.677,0.344,22.9,1.18,0.644,OK,OK,Good,Accept,예시 데이터 — 가상 규칙으로 만든 라벨
EX-L075,2026-09-28,예시 기준시험원,예시 라벨 시뮬레이션,예시,MP-EX1 v1,DOWN,3,Start,59.8,102,1800,,,0.21,100.7,%/s,394.6,19.24,0.689,0.346,20.5,1.3,0.664,OK,OK,Good,Accept,예시 데이터 — 가상 규칙으로 만든 라벨
EX-L076,2026-09-28,예시 기준시험원,예시 라벨 시뮬레이션,예시,MP-EX1 v1,DOWN,3,Start,59.7,120,1800,,,0.21,122,%/s,422.9,19.84,0.712,0.357,22.1,,0.713,OK,OK,Good,Accept,예시 데이터 — 가상 규칙으로 만든 라벨
EX-L077,2026-09-28,예시 기준시험원,예시 라벨 시뮬레이션,예시,MP-EX1 v1,DOWN,3,Start,59.9,144,1800,,,0.15,143.6,%/s,460.1,19.85,0.748,0.375,21.8,,0.757,OK,OK,Good,Accept,예시 데이터 — 가상 규칙으로 만든 라벨
EX-L078,2026-09-28,예시 기준시험원,예시 라벨 시뮬레이션,예시,MP-EX1 v1,DOWN,3,Start,59.9,180,1800,,,0.11,178.2,%/s,510.5,19.77,0.792,0.426,28.4,1.3,0.875,OK,OK,Good,Accept,예시 데이터 — 가상 규칙으로 만든 라벨
EX-L079,2026-09-28,예시 기준시험원,예시 라벨 시뮬레이션,예시,MP-EX1 v1,DOWN,3,Stop,62.3,75,1800,,,0.64,75.3,%/s,179.8,9.09,0.8,0.278,12.4,0,0.328,OK,OK,Too Slow,Reject,예시 데이터 — 가상 규칙으로 만든 라벨
EX-L080,2026-09-28,예시 기준시험원,예시 라벨 시뮬레이션,예시,MP-EX1 v1,DOWN,3,Stop,61.6,105,1800,,,0.52,105,%/s,225.3,10.97,0.828,0.316,14.5,0.04,0.402,OK,OK,Good,Accept,예시 데이터 — 가상 규칙으로 만든 라벨
EX-L081,2026-09-28,예시 기준시험원,예시 라벨 시뮬레이션,예시,MP-EX1 v1,DOWN,3,Stop,61.5,128,1800,,,0.45,127.6,%/s,296.5,14.88,0.86,0.362,16.9,0.43,0.511,OK,OK,Good,Accept,예시 데이터 — 가상 규칙으로 만든 라벨
EX-L082,2026-09-28,예시 기준시험원,예시 라벨 시뮬레이션,예시,MP-EX1 v1,DOWN,3,Stop,61.5,150,1800,,,0.41,150,%/s,386.4,19.44,0.9,0.416,21.3,0.47,0.661,OK,OK,Good,Accept,예시 데이터 — 가상 규칙으로 만든 라벨
EX-L083,2026-09-28,예시 기준시험원,예시 라벨 시뮬레이션,예시,MP-EX1 v1,DOWN,3,Stop,61.1,180,1800,,,0.35,181.4,%/s,427.6,21.86,0.953,0.477,22.9,0.52,0.725,OK,OK,Good,Accept,예시 데이터 — 가상 규칙으로 만든 라벨
EX-L084,2026-09-28,예시 기준시험원,예시 라벨 시뮬레이션,예시,MP-EX1 v1,DOWN,3,Stop,60.9,225,1800,,,0.3,225.4,%/s,535.4,29.89,1.025,0.567,34,0.78,0.953,OK,NG,Good,Reject,예시 데이터 — 가상 규칙으로 만든 라벨
EX-L085,2026-09-28,예시 기준시험원,예시 라벨 시뮬레이션,예시,MP-EX1 v1,DOWN,4,Start,84.7,50,1800,,,0.44,50.2,%/s,269.6,10.78,1.021,0.327,17.9,,0.486,OK,OK,Too Slow,Reject,예시 데이터 — 가상 규칙으로 만든 라벨
EX-L086,2026-09-28,예시 기준시험원,예시 라벨 시뮬레이션,예시,MP-EX1 v1,DOWN,4,Start,84.8,70,1800,,,0.3,70.2,%/s,292.4,11.05,1.04,0.329,17.5,1.24,0.511,OK,OK,Good,Accept,예시 데이터 — 가상 규칙으로 만든 라벨
EX-L087,2026-09-28,예시 기준시험원,예시 라벨 시뮬레이션,예시,MP-EX1 v1,DOWN,4,Start,84.7,85,1800,,,0.29,84.5,%/s,324.8,10.92,1.05,0.334,15.3,1.12,0.534,OK,OK,Good,Accept,예시 데이터 — 가상 규칙으로 만든 라벨
EX-L088,2026-09-28,예시 기준시험원,예시 라벨 시뮬레이션,예시,MP-EX1 v1,DOWN,4,Start,84.8,100,1800,,,0.23,99.8,%/s,345.6,11.13,1.07,0.329,16,1.07,0.565,OK,OK,Good,Accept,예시 데이터 — 가상 규칙으로 만든 라벨
EX-L089,2026-09-28,예시 기준시험원,예시 라벨 시뮬레이션,예시,MP-EX1 v1,DOWN,4,Start,84.8,120,1800,,,0.2,119.8,%/s,370.8,11.24,1.112,0.347,20.6,1.28,0.635,OK,OK,Good,Accept,예시 데이터 — 가상 규칙으로 만든 라벨
EX-L090,2026-09-28,예시 기준시험원,예시 라벨 시뮬레이션,예시,MP-EX1 v1,DOWN,4,Start,84.7,150,1800,,,0.18,149.9,%/s,415.4,11.42,1.168,0.438,27.5,1.27,0.748,OK,OK,Good,Accept,예시 데이터 — 가상 규칙으로 만든 라벨
EX-L091,2026-09-28,예시 기준시험원,예시 라벨 시뮬레이션,예시,MP-EX1 v1,DOWN,4,Stop,87.2,60,1800,,,0.69,60.3,%/s,114.8,6.39,1.199,0.328,15.2,0,0.27,OK,OK,Too Slow,Reject,예시 데이터 — 가상 규칙으로 만든 라벨
EX-L092,2026-09-28,예시 기준시험원,예시 라벨 시뮬레이션,예시,MP-EX1 v1,DOWN,4,Stop,87.1,84,1800,,,0.56,84.1,%/s,183.9,9.09,1.226,0.359,16.3,0,0.366,OK,OK,Good,Borderline,예시 데이터 — 가상 규칙으로 만든 라벨
EX-L093,2026-09-28,예시 기준시험원,예시 라벨 시뮬레이션,예시,MP-EX1 v1,DOWN,4,Stop,86.7,102,1800,,,0.48,103.3,%/s,251.4,12.1,1.25,0.389,17.9,0.37,0.463,OK,OK,Good,Accept,예시 데이터 — 가상 규칙으로 만든 라벨
EX-L094,2026-09-28,예시 기준시험원,예시 라벨 시뮬레이션,예시,MP-EX1 v1,DOWN,4,Stop,86.4,120,1800,,,0.44,118.9,%/s,311.1,16.43,1.277,0.424,19.2,0.46,0.549,OK,OK,Good,Accept,예시 데이터 — 가상 규칙으로 만든 라벨
EX-L095,2026-09-28,예시 기준시험원,예시 라벨 시뮬레이션,예시,MP-EX1 v1,DOWN,4,Stop,86.2,144,1800,,,0.4,142.8,%/s,356.9,17.83,1.324,0.474,21.2,0.49,0.623,OK,OK,Good,Accept,예시 데이터 — 가상 규칙으로 만든 라벨
EX-L096,2026-09-28,예시 기준시험원,예시 라벨 시뮬레이션,예시,MP-EX1 v1,DOWN,4,Stop,86.1,180,1800,,,0.33,182,%/s,406.4,20.37,1.401,0.557,31,0.53,0.766,OK,NG,Good,Reject,예시 데이터 — 가상 규칙으로 만든 라벨